{
  "LaunchURL-7" : {
    "transaction" : "LaunchURL-7",
    "sampleCount" : 8466,
    "errorCount" : 0,
    "errorPct" : 0.0,
    "meanResTime" : 370.20257500590577,
    "medianResTime" : 303.0,
    "minResTime" : 268.0,
    "maxResTime" : 4768.0,
    "pct1ResTime" : 532.0,
    "pct2ResTime" : 609.0,
    "pct3ResTime" : 1042.9899999999998,
    "throughput" : 4.702907458935663,
    "receivedKBytesPerSec" : 21.356376608326578,
    "sentKBytesPerSec" : 1.9101438661387886
  },
  "Logout-109" : {
    "transaction" : "Logout-109",
    "sampleCount" : 8457,
    "errorCount" : 0,
    "errorPct" : 0.0,
    "meanResTime" : 354.63923377084006,
    "medianResTime" : 291.0,
    "minResTime" : 261.0,
    "maxResTime" : 4268.0,
    "pct1ResTime" : 483.0,
    "pct2ResTime" : 560.0,
    "pct3ResTime" : 1068.0,
    "throughput" : 4.704579970071372,
    "receivedKBytesPerSec" : 17.136474675923868,
    "sentKBytesPerSec" : 2.3798558832978234
  },
  "Enterdetails" : {
    "transaction" : "Enterdetails",
    "sampleCount" : 8462,
    "errorCount" : 0,
    "errorPct" : 0.0,
    "meanResTime" : 1032.824155046088,
    "medianResTime" : 968.0,
    "minResTime" : 473.0,
    "maxResTime" : 5679.0,
    "pct1ResTime" : 1221.6999999999998,
    "pct2ResTime" : 1482.0,
    "pct3ResTime" : 2502.1100000000024,
    "throughput" : 4.703889018903942,
    "receivedKBytesPerSec" : 38.95260762849116,
    "sentKBytesPerSec" : 8.804919846414856
  },
  "Total" : {
    "transaction" : "Total",
    "sampleCount" : 42317,
    "errorCount" : 0,
    "errorPct" : 0.0,
    "meanResTime" : 424.9287993005172,
    "medianResTime" : 322.0,
    "minResTime" : 261.0,
    "maxResTime" : 4827.0,
    "pct1ResTime" : 632.0,
    "pct2ResTime" : 725.0,
    "pct3ResTime" : 1186.9800000000032,
    "throughput" : 23.50198909123828,
    "receivedKBytesPerSec" : 95.64151585455392,
    "sentKBytesPerSec" : 15.313729384317531
  },
  "Logout" : {
    "transaction" : "Logout",
    "sampleCount" : 8457,
    "errorCount" : 0,
    "errorPct" : 0.0,
    "meanResTime" : 354.63935201608075,
    "medianResTime" : 291.0,
    "minResTime" : 261.0,
    "maxResTime" : 4268.0,
    "pct1ResTime" : 483.0,
    "pct2ResTime" : 560.0,
    "pct3ResTime" : 1068.0,
    "throughput" : 4.704574735816183,
    "receivedKBytesPerSec" : 17.13645561010246,
    "sentKBytesPerSec" : 2.3798532355007644
  },
  "LaunchURL" : {
    "transaction" : "LaunchURL",
    "sampleCount" : 8466,
    "errorCount" : 0,
    "errorPct" : 0.0,
    "meanResTime" : 370.20257500590577,
    "medianResTime" : 303.0,
    "minResTime" : 268.0,
    "maxResTime" : 4768.0,
    "pct1ResTime" : 532.0,
    "pct2ResTime" : 609.0,
    "pct3ResTime" : 1042.9899999999998,
    "throughput" : 4.702588756780177,
    "receivedKBytesPerSec" : 21.354929349727957,
    "sentKBytesPerSec" : 1.9100144213277341
  },
  "Enterdetails-84" : {
    "transaction" : "Enterdetails-84",
    "sampleCount" : 8460,
    "errorCount" : 0,
    "errorPct" : 0.0,
    "meanResTime" : 667.4399527186732,
    "medianResTime" : 606.0,
    "minResTime" : 502.0,
    "maxResTime" : 4827.0,
    "pct1ResTime" : 809.0,
    "pct2ResTime" : 978.9499999999998,
    "pct3ResTime" : 1908.5599999999977,
    "throughput" : 4.703770856303136,
    "receivedKBytesPerSec" : 20.369946986493893,
    "sentKBytesPerSec" : 4.722144961210571
  },
  "Login" : {
    "transaction" : "Login",
    "sampleCount" : 8462,
    "errorCount" : 0,
    "errorPct" : 0.0,
    "meanResTime" : 366.59324036870714,
    "medianResTime" : 303.0,
    "minResTime" : 261.0,
    "maxResTime" : 3150.0,
    "pct1ResTime" : 502.6999999999998,
    "pct2ResTime" : 567.8499999999995,
    "pct3ResTime" : 1042.2200000000048,
    "throughput" : 4.704893322576538,
    "receivedKBytesPerSec" : 18.25461228849664,
    "sentKBytesPerSec" : 2.2283918568843952
  },
  "Enterdetails-83" : {
    "transaction" : "Enterdetails-83",
    "sampleCount" : 8462,
    "errorCount" : 0,
    "errorPct" : 0.0,
    "meanResTime" : 365.54159773103277,
    "medianResTime" : 301.0,
    "minResTime" : 264.0,
    "maxResTime" : 3676.0,
    "pct1ResTime" : 513.0,
    "pct2ResTime" : 581.0,
    "pct3ResTime" : 985.9900000000216,
    "throughput" : 4.704966569828053,
    "receivedKBytesPerSec" : 18.591221343705257,
    "sentKBytesPerSec" : 4.084707868253152
  },
  "Login-68" : {
    "transaction" : "Login-68",
    "sampleCount" : 8462,
    "errorCount" : 0,
    "errorPct" : 0.0,
    "meanResTime" : 366.5932403687072,
    "medianResTime" : 303.0,
    "minResTime" : 261.0,
    "maxResTime" : 3150.0,
    "pct1ResTime" : 502.6999999999998,
    "pct2ResTime" : 567.8499999999995,
    "pct3ResTime" : 1042.2200000000048,
    "throughput" : 4.704898554447441,
    "receivedKBytesPerSec" : 18.254632587740076,
    "sentKBytesPerSec" : 2.228394334870126
  }
}